{
  "project_info": {
    "project_number": "861154186629",
    "firebase_url": "https://randomchat-4b492.firebaseio.com",
    "project_id": "randomchat-4b492",
    "storage_bucket": "randomchat-4b492.appspot.com"
  },
  "client": [
    {
      "client_info": {
        "mobilesdk_app_id": "1:861154186629:android:f2df2b6a81efcc334960ec",
        "android_client_info": {
          "package_name": "ac.mastermind.randomchat"
        }
      },
      "oauth_client": [
        {
          "client_id": "861154186629-j6f67j33liv9f8ti8rks9gi586kte7q5.apps.googleusercontent.com",
          "client_type": 3
        }
      ],
      "api_key": [
        {
          "current_key": "AIzaSyCe8CHnyhivZQsSKogJG0R9VSDaKys6RCU"
        }
      ],
      "services": {
        "appinvite_service": {
          "other_platform_oauth_client": [
            {
              "client_id": "861154186629-j6f67j33liv9f8ti8rks9gi586kte7q5.apps.googleusercontent.com",
              "client_type": 3
            }
          ]
        }
      }
    }
  ],
  "configuration_version": "1"
}